exposure,outcome,id.exposure,id.outcome,samplesize,SNP,b,se,p
Body mass index,Ankylosing spondylitis,GCST006900,AS_GWAS,57530,rs10009336,0.0383887857142857,1.55267857142857,0.980274926392389
Body mass index,Ankylosing spondylitis,GCST006900,AS_GWAS,57530,rs10132280,-0.073847533632287,0.781313901345292,0.924698389771595
Body mass index,Ankylosing spondylitis,GCST006900,AS_GWAS,57530,rs10169594,1.82231404958678,1.3704132231405,0.183598955434124
Body mass index,Ankylosing spondylitis,GCST006900,AS_GWAS,57530,rs10182181,0.840304615384616,0.410156923076923,0.0404876121986931
Body mass index,Ankylosing spondylitis,GCST006900,AS_GWAS,57530,rs10192119,-1.17395180722892,1.32637951807229,0.376113557278124
Body mass index,Ankylosing spondylitis,GCST006900,AS_GWAS,57530,rs10197031,0.378939156626506,1.0636265060241,0.7216377111117
Body mass index,Ankylosing spondylitis,GCST006900,AS_GWAS,57530,rs10211055,1.44856050955414,0.886891719745223,0.102405854298899
Body mass index,Ankylosing spondylitis,GCST006900,AS_GWAS,57530,rs10243319,0.437061682242991,1.52778504672897,0.774820390594704
Body mass index,Ankylosing spondylitis,GCST006900,AS_GWAS,57530,rs10247983,1.40188059701493,1.49277114427861,0.34767279597206
Body mass index,Ankylosing spondylitis,GCST006900,AS_GWAS,57530,rs10248136,0.324040206185567,1.64112371134021,0.843475248288521
Body mass index,Ankylosing spondylitis,GCST006900,AS_GWAS,57530,rs10259786,1.58017543859649,1.47314035087719,0.283424696011764
Body mass index,Ankylosing spondylitis,GCST006900,AS_GWAS,57530,rs10269783,1.60826315789474,1.22434586466165,0.188991180808742
Body mass index,Ankylosing spondylitis,GCST006900,AS_GWAS,57530,rs10478110,1.30502,1.61672,0.419549977361115
Body mass index,Ankylosing spondylitis,GCST006900,AS_GWAS,57530,rs1048932,-0.9508375,0.8452125,0.260602351807121
Body mass index,Ankylosing spondylitis,GCST006900,AS_GWAS,57530,rs10492229,-0.998309859154929,1.34204225352113,0.456952922661371
Body mass index,Ankylosing spondylitis,GCST006900,AS_GWAS,57530,rs10510419,0.100790960451977,1.28487570621469,0.937474768814573
Body mass index,Ankylosing spondylitis,GCST006900,AS_GWAS,57530,rs10518694,-2.81429452054795,1.58113698630137,0.0750893464249025
Body mass index,Ankylosing spondylitis,GCST006900,AS_GWAS,57530,rs1064213,-0.472110833333333,1.10386666666667,0.668878085539607
Body mass index,Ankylosing spondylitis,GCST006900,AS_GWAS,57530,rs10733051,-0.332589690721649,1.37692783505155,0.809132936925848
Body mass index,Ankylosing spondylitis,GCST006900,AS_GWAS,57530,rs10742752,-0.487557258064516,1.31920967741936,0.711693339498027
Body mass index,Ankylosing spondylitis,GCST006900,AS_GWAS,57530,rs10747488,-1.10161788617886,1.28978861788618,0.393045534278279
Body mass index,Ankylosing spondylitis,GCST006900,AS_GWAS,57530,rs1075901,-0.838851239669422,1.33277685950413,0.529086489060124
Body mass index,Ankylosing spondylitis,GCST006900,AS_GWAS,57530,rs10768994,-0.575754385964912,1.41730701754386,0.684572702785256
Body mass index,Ankylosing spondylitis,GCST006900,AS_GWAS,57530,rs10795422,0.250604316546763,1.24174820143885,0.840060785829484
Body mass index,Ankylosing spondylitis,GCST006900,AS_GWAS,57530,rs10811871,1.81114814814815,1.5272037037037,0.235652153154794
Body mass index,Ankylosing spondylitis,GCST006900,AS_GWAS,57530,rs10832778,-1.121328,1.097488,0.306912337773959
Body mass index,Ankylosing spondylitis,GCST006900,AS_GWAS,57530,rs10842166,-1.39580733944954,1.68202752293578,0.406631396790551
Body mass index,Ankylosing spondylitis,GCST006900,AS_GWAS,57530,rs10842240,-2.35528899082569,1.14785321100917,0.0401786208090876
Body mass index,Ankylosing spondylitis,GCST006900,AS_GWAS,57530,rs10858334,1.42676923076923,1.58905594405594,0.369253662208968
Body mass index,Ankylosing spondylitis,GCST006900,AS_GWAS,57530,rs10867256,-0.563446610169492,1.3625593220339,0.679225092111187
Body mass index,Ankylosing spondylitis,GCST006900,AS_GWAS,57530,rs10914462,-0.461747321428572,1.43902678571429,0.748305329904015
Body mass index,Ankylosing spondylitis,GCST006900,AS_GWAS,57530,rs10915840,0.903864406779661,1.51805084745763,0.551568671571149
Body mass index,Ankylosing spondylitis,GCST006900,AS_GWAS,57530,rs10920678,-2.48166451612903,1.04265161290323,0.017305714547839
Body mass index,Ankylosing spondylitis,GCST006900,AS_GWAS,57530,rs10938397,0.25887962962963,0.494685185185185,0.600750209048139
Body mass index,Ankylosing spondylitis,GCST006900,AS_GWAS,57530,rs10942267,-1.8645641025641,1.09971794871795,0.0899819338491795
Body mass index,Ankylosing spondylitis,GCST006900,AS_GWAS,57530,rs10953740,-0.0969758169934641,1.04977124183007,0.926397680886439
Body mass index,Ankylosing spondylitis,GCST006900,AS_GWAS,57530,rs10962550,0.0914879120879121,1.13025824175824,0.935486284481221
Body mass index,Ankylosing spondylitis,GCST006900,AS_GWAS,57530,rs10968114,-0.593030973451327,1.41544247787611,0.675236488567681
Body mass index,Ankylosing spondylitis,GCST006900,AS_GWAS,57530,rs10971709,-1.04109848484848,1.24186363636364,0.401842252591166
Body mass index,Ankylosing spondylitis,GCST006900,AS_GWAS,57530,rs10975933,2.31454098360656,1.3852868852459,0.0947606671287403
Body mass index,Ankylosing spondylitis,GCST006900,AS_GWAS,57530,rs10984756,-1.19351149425287,1.53674137931035,0.437364793630256
Body mass index,Ankylosing spondylitis,GCST006900,AS_GWAS,57530,rs11030618,-0.482706363636364,1.46074545454545,0.741058400609031
Body mass index,Ankylosing spondylitis,GCST006900,AS_GWAS,57530,rs11066188,1.76681666666667,1.35714166666667,0.192962178481855
Body mass index,Ankylosing spondylitis,GCST006900,AS_GWAS,57530,rs11084553,-1.6487380952381,1.05119047619048,0.116776506637609
Body mass index,Ankylosing spondylitis,GCST006900,AS_GWAS,57530,rs11105839,-0.905468807339449,1.51793577981651,0.550832404047437
Body mass index,Ankylosing spondylitis,GCST006900,AS_GWAS,57530,rs11115176,0.371404132231405,1.30005785123967,0.775121100074501
Body mass index,Ankylosing spondylitis,GCST006900,AS_GWAS,57530,rs11118308,1.10224752475248,1.58878217821782,0.487827204156433
Body mass index,Ankylosing spondylitis,GCST006900,AS_GWAS,57530,rs11129661,0.487229838709678,1.33579838709677,0.715299497414405
Body mass index,Ankylosing spondylitis,GCST006900,AS_GWAS,57530,rs11150911,1.7074962406015,1.34239097744361,0.20337975822606
Body mass index,Ankylosing spondylitis,GCST006900,AS_GWAS,57530,rs11165643,-0.844485436893204,0.655155339805825,0.197403284853247
Body mass index,Ankylosing spondylitis,GCST006900,AS_GWAS,57530,rs11170468,1.96940650406504,1.54072357723577,0.201166646837348
Body mass index,Ankylosing spondylitis,GCST006900,AS_GWAS,57530,rs11185111,-1.08248837209302,1.35044186046512,0.422795442536387
Body mass index,Ankylosing spondylitis,GCST006900,AS_GWAS,57530,rs11251352,-0.0735188073394495,1.49211926605505,0.960703010179781
Body mass index,Ankylosing spondylitis,GCST006900,AS_GWAS,57530,rs11496125,0.427359171597633,0.952094674556213,0.6535311706652
Body mass index,Ankylosing spondylitis,GCST006900,AS_GWAS,57530,rs11505821,1.02353376205788,1.06403215434084,0.336080371349747
Body mass index,Ankylosing spondylitis,GCST006900,AS_GWAS,57530,rs1150659,0.131471942446043,1.35620143884892,0.922773003615719
Body mass index,Ankylosing spondylitis,GCST006900,AS_GWAS,57530,rs11538,-0.219426666666667,1.55622222222222,0.887870280766028
Body mass index,Ankylosing spondylitis,GCST006900,AS_GWAS,57530,rs1158805,-0.350778832116788,1.00244525547445,0.72639634994244
Body mass index,Ankylosing spondylitis,GCST006900,AS_GWAS,57530,rs11609659,-0.250298051948052,1.21619480519481,0.836943826250763
Body mass index,Ankylosing spondylitis,GCST006900,AS_GWAS,57530,rs11611246,-0.376005833333333,0.683220833333333,0.582084105919688
Body mass index,Ankylosing spondylitis,GCST006900,AS_GWAS,57530,rs11614340,0.490925563909774,1.10651127819549,0.657281380921402
Body mass index,Ankylosing spondylitis,GCST006900,AS_GWAS,57530,rs11615578,0.765673076923077,1.40704615384615,0.586324116808637
Body mass index,Ankylosing spondylitis,GCST006900,AS_GWAS,57530,rs11656076,0.0559153521126761,1.35096478873239,0.966985622407691
Body mass index,Ankylosing spondylitis,GCST006900,AS_GWAS,57530,rs11672660,1.07152058823529,0.595926470588235,0.0721650968725039
Body mass index,Ankylosing spondylitis,GCST006900,AS_GWAS,57530,rs11677541,-3.20151239669422,1.32651239669422,0.0158009539462574
Body mass index,Ankylosing spondylitis,GCST006900,AS_GWAS,57530,rs11736228,1.56271223021583,1.10469064748201,0.157181336703046
Body mass index,Ankylosing spondylitis,GCST006900,AS_GWAS,57530,rs11738695,-0.510801030927835,1.67132989690722,0.759889804767012
Body mass index,Ankylosing spondylitis,GCST006900,AS_GWAS,57530,rs11739877,-0.188476923076923,1.41050427350427,0.893700073301255
Body mass index,Ankylosing spondylitis,GCST006900,AS_GWAS,57530,rs11781699,0.504925,1.29184090909091,0.695902975240454
Body mass index,Ankylosing spondylitis,GCST006900,AS_GWAS,57530,rs11855853,0.126419310344828,1.2466,0.919223976955345
Body mass index,Ankylosing spondylitis,GCST006900,AS_GWAS,57530,rs1187352,0.119117647058824,1.40802521008403,0.93258012504165
Body mass index,Ankylosing spondylitis,GCST006900,AS_GWAS,57530,rs11880870,-0.950343915343915,0.703322751322751,0.17662490267114
Body mass index,Ankylosing spondylitis,GCST006900,AS_GWAS,57530,rs11889536,1.24253968253968,1.17639153439153,0.2908632828867
Body mass index,Ankylosing spondylitis,GCST006900,AS_GWAS,57530,rs11904898,2.60001652892562,1.33967768595041,0.0522852514617117
Body mass index,Ankylosing spondylitis,GCST006900,AS_GWAS,57530,rs11945861,1.36384459459459,1.2735,0.284195524447603
Body mass index,Ankylosing spondylitis,GCST006900,AS_GWAS,57530,rs11951673,-0.493644715447155,1.32610569105691,0.709705671099735
Body mass index,Ankylosing spondylitis,GCST006900,AS_GWAS,57530,rs12033257,-1.70712328767123,1.12572602739726,0.129402000806353
Body mass index,Ankylosing spondylitis,GCST006900,AS_GWAS,57530,rs12041258,1.20319863013699,1.3051095890411,0.356573504542597
Body mass index,Ankylosing spondylitis,GCST006900,AS_GWAS,57530,rs12044597,-2.49654545454545,0.931447552447553,0.00735593714697983
Body mass index,Ankylosing spondylitis,GCST006900,AS_GWAS,57530,rs12049202,0.7812875,0.686308333333333,0.254957086197308
Body mass index,Ankylosing spondylitis,GCST006900,AS_GWAS,57530,rs12150665,-1.75296913580247,0.831462962962963,0.0350054876381638
Body mass index,Ankylosing spondylitis,GCST006900,AS_GWAS,57530,rs1218822,-0.370627380952381,1.0050119047619,0.712292387699805
Body mass index,Ankylosing spondylitis,GCST006900,AS_GWAS,57530,rs12299814,1.08040127388535,1.18858598726115,0.363360512846787
Body mass index,Ankylosing spondylitis,GCST006900,AS_GWAS,57530,rs12328930,-3.17464285714286,1.65237755102041,0.0546992450935174
Body mass index,Ankylosing spondylitis,GCST006900,AS_GWAS,57530,rs12334877,-0.916166666666667,1.3885625,0.509385359131487
Body mass index,Ankylosing spondylitis,GCST006900,AS_GWAS,57530,rs12364470,1.42418539325843,1.06074719101124,0.179393523918405
Body mass index,Ankylosing spondylitis,GCST006900,AS_GWAS,57530,rs12369179,0.0580841225626741,0.651610027855153,0.928971130647451
Body mass index,Ankylosing spondylitis,GCST006900,AS_GWAS,57530,rs12379623,-3.01993333333333,1.53648571428571,0.0493586035247351
Body mass index,Ankylosing spondylitis,GCST006900,AS_GWAS,57530,rs12416812,-0.442393693693694,1.43854054054054,0.758440351009154
Body mass index,Ankylosing spondylitis,GCST006900,AS_GWAS,57530,rs1241986,-0.427378417266187,1.61078417266187,0.790760490849576
Body mass index,Ankylosing spondylitis,GCST006900,AS_GWAS,57530,rs12429545,-0.670933544303798,0.757268987341772,0.375622350727099
Body mass index,Ankylosing spondylitis,GCST006900,AS_GWAS,57530,rs12448257,-1.78928260869565,1.06438043478261,0.0927521303569729
Body mass index,Ankylosing spondylitis,GCST006900,AS_GWAS,57530,rs12448738,-1.33791666666667,1.39,0.335783453032713
Body mass index,Ankylosing spondylitis,GCST006900,AS_GWAS,57530,rs12495178,0.45718097826087,0.906978260869565,0.61421184179834
Body mass index,Ankylosing spondylitis,GCST006900,AS_GWAS,57530,rs12527426,-1.43398518518519,1.31546666666667,0.27567077987381
Body mass index,Ankylosing spondylitis,GCST006900,AS_GWAS,57530,rs12546578,-0.523745205479452,1.23884931506849,0.67246491505671
Body mass index,Ankylosing spondylitis,GCST006900,AS_GWAS,57530,rs12564992,-2.12410204081633,1.30406632653061,0.103349062929666
Body mass index,Ankylosing spondylitis,GCST006900,AS_GWAS,57530,rs12593036,2.33653896103896,1.1394025974026,0.0402990741536963
Body mass index,Ankylosing spondylitis,GCST006900,AS_GWAS,57530,rs12602912,-3.69197159090909,1.1450625,0.0012630161015726
Body mass index,Ankylosing spondylitis,GCST006900,AS_GWAS,57530,rs1260326,-4.10182857142857,1.2868,0.00143449246350267
Body mass index,Ankylosing spondylitis,GCST006900,AS_GWAS,57530,rs12629015,-0.373681481481482,1.55611851851852,0.810224126721152
Body mass index,Ankylosing spondylitis,GCST006900,AS_GWAS,57530,rs1266874,0.42012,1.18941428571429,0.723926612264059
Body mass index,Ankylosing spondylitis,GCST006900,AS_GWAS,57530,rs12675063,-0.510341025641026,1.61316666666667,0.75172945360962
Body mass index,Ankylosing spondylitis,GCST006900,AS_GWAS,57530,rs1268065,0.562755882352941,1.57157843137255,0.720281027921996
Body mass index,Ankylosing spondylitis,GCST006900,AS_GWAS,57530,rs12680842,0.451057894736842,1.28601503759399,0.725782841884211
Body mass index,Ankylosing spondylitis,GCST006900,AS_GWAS,57530,rs12718572,-0.371434188034188,1.16270085470085,0.749379171094444
Body mass index,Ankylosing spondylitis,GCST006900,AS_GWAS,57530,rs12762034,0.592170833333333,1.05461666666667,0.574454420066112
Body mass index,Ankylosing spondylitis,GCST006900,AS_GWAS,57530,rs12779328,-3.99308571428571,1.68961904761905,0.0181127394540336
Body mass index,Ankylosing spondylitis,GCST006900,AS_GWAS,57530,rs12888545,0.607119852941176,1.13236764705882,0.591854313322899
Body mass index,Ankylosing spondylitis,GCST006900,AS_GWAS,57530,rs12905439,-2.44490677966102,1.42511016949153,0.0862368499384508
Body mass index,Ankylosing spondylitis,GCST006900,AS_GWAS,57530,rs12914489,-0.103441212121212,1.32875757575758,0.937948908500832
Body mass index,Ankylosing spondylitis,GCST006900,AS_GWAS,57530,rs12922346,-0.249806617647059,1.33141176470588,0.851170341360865
Body mass index,Ankylosing spondylitis,GCST006900,AS_GWAS,57530,rs12933482,-2.08461827956989,1.18102688172043,0.0775487063746305
Body mass index,Ankylosing spondylitis,GCST006900,AS_GWAS,57530,rs12936083,-1.78202158273381,1.23239568345324,0.148182339851531
Body mass index,Ankylosing spondylitis,GCST006900,AS_GWAS,57530,rs12939549,-0.37818,0.747861111111111,0.613079814777776
Body mass index,Ankylosing spondylitis,GCST006900,AS_GWAS,57530,rs1296328,0.946944134078212,0.753324022346369,0.208746022697868
Body mass index,Ankylosing spondylitis,GCST006900,AS_GWAS,57530,rs12964689,0.748384236453202,0.786586206896552,0.341384510587046
Body mass index,Ankylosing spondylitis,GCST006900,AS_GWAS,57530,rs12981256,-2.09644366197183,1.13195774647887,0.0640184762502617
Body mass index,Ankylosing spondylitis,GCST006900,AS_GWAS,57530,rs13021737,-0.0355198606271777,0.306770034843206,0.907821667345109
Body mass index,Ankylosing spondylitis,GCST006900,AS_GWAS,57530,rs1304070,-0.49185873015873,1.48993650793651,0.74130884033767
Body mass index,Ankylosing spondylitis,GCST006900,AS_GWAS,57530,rs13047416,-0.0319319480519481,1.07147402597403,0.976225053674525
Body mass index,Ankylosing spondylitis,GCST006900,AS_GWAS,57530,rs13069244,-1.29080748663102,1.64816042780749,0.433520989309752
Body mass index,Ankylosing spondylitis,GCST006900,AS_GWAS,57530,rs13107325,1.86755106382979,0.522702127659574,0.000353078943131577
Body mass index,Ankylosing spondylitis,GCST006900,AS_GWAS,57530,rs13110266,-0.202413675213675,1.38887179487179,0.884126927349921
Body mass index,Ankylosing spondylitis,GCST006900,AS_GWAS,57530,rs13132853,2.3811338028169,0.992901408450704,0.0164777854722464
Body mass index,Ankylosing spondylitis,GCST006900,AS_GWAS,57530,rs13147390,-5.27268932038835,1.34995145631068,9.3900089363608e-05
Body mass index,Ankylosing spondylitis,GCST006900,AS_GWAS,57530,rs13174863,-0.08173125,1.16382291666667,0.944013355124607
Body mass index,Ankylosing spondylitis,GCST006900,AS_GWAS,57530,rs13184896,0.989646616541353,1.21073684210526,0.413704442382011
Body mass index,Ankylosing spondylitis,GCST006900,AS_GWAS,57530,rs13191362,-0.855021186440678,1.02845338983051,0.405766897178864
Body mass index,Ankylosing spondylitis,GCST006900,AS_GWAS,57530,rs1320903,-1.06620833333333,0.793435185185185,0.179017092607194
Body mass index,Ankylosing spondylitis,GCST006900,AS_GWAS,57530,rs13240600,1.62062254901961,1.09952941176471,0.140502113717529
Body mass index,Ankylosing spondylitis,GCST006900,AS_GWAS,57530,rs13250058,-0.145782142857143,1.52724107142857,0.923953771705565
Body mass index,Ankylosing spondylitis,GCST006900,AS_GWAS,57530,rs13263601,-0.166835714285714,1.09203896103896,0.878576101892326
Body mass index,Ankylosing spondylitis,GCST006900,AS_GWAS,57530,rs1327259,0.000896587096774194,1.05550322580645,0.999322244690105
Body mass index,Ankylosing spondylitis,GCST006900,AS_GWAS,57530,rs13287131,2.21414634146341,1.25173983739837,0.0769180659746599
Body mass index,Ankylosing spondylitis,GCST006900,AS_GWAS,57530,rs13288178,-1.17093571428571,1.18190714285714,0.321823698610318
Body mass index,Ankylosing spondylitis,GCST006900,AS_GWAS,57530,rs1330052,-1.54572727272727,1.26317424242424,0.221071110276829
Body mass index,Ankylosing spondylitis,GCST006900,AS_GWAS,57530,rs13329567,-0.547040955631399,0.654211604095563,0.403051673515057
Body mass index,Ankylosing spondylitis,GCST006900,AS_GWAS,57530,rs1365466,-0.62101897810219,1.33975912408759,0.642984285651379
Body mass index,Ankylosing spondylitis,GCST006900,AS_GWAS,57530,rs1371108,2.03489915966387,1.4363781512605,0.156574275082927
Body mass index,Ankylosing spondylitis,GCST006900,AS_GWAS,57530,rs1399471,0.170586259541985,1.38919083969466,0.902269108578772
Body mass index,Ankylosing spondylitis,GCST006900,AS_GWAS,57530,rs1409818,0.02395,1.31495024875622,0.985468439767981
Body mass index,Ankylosing spondylitis,GCST006900,AS_GWAS,57530,rs1412235,0.425158536585366,0.591906504065041,0.472580563372005
Body mass index,Ankylosing spondylitis,GCST006900,AS_GWAS,57530,rs1421334,-0.3161768,1.288392,0.806143482132796
Body mass index,Ankylosing spondylitis,GCST006900,AS_GWAS,57530,rs1431659,0.74715306122449,0.913397959183673,0.413361231599978
Body mass index,Ankylosing spondylitis,GCST006900,AS_GWAS,57530,rs1436344,-1.2078865248227,1.14625531914894,0.291989407344043
Body mass index,Ankylosing spondylitis,GCST006900,AS_GWAS,57530,rs1445652,1.01211382113821,1.68383739837398,0.547789536587935
Body mass index,Ankylosing spondylitis,GCST006900,AS_GWAS,57530,rs1452075,-1.5611914893617,1.26875886524823,0.218514733312172
Body mass index,Ankylosing spondylitis,GCST006900,AS_GWAS,57530,rs1465900,-0.6827264,1.545448,0.658658535574128
Body mass index,Ankylosing spondylitis,GCST006900,AS_GWAS,57530,rs1492767,-1.93282978723404,1.69164893617021,0.253216562584511
Body mass index,Ankylosing spondylitis,GCST006900,AS_GWAS,57530,rs1503526,0.564687857142857,1.13807857142857,0.619769880322629
Body mass index,Ankylosing spondylitis,GCST006900,AS_GWAS,57530,rs1522569,0.712286585365854,1.25291463414634,0.569693004838704
Body mass index,Ankylosing spondylitis,GCST006900,AS_GWAS,57530,rs1528435,1.50310365853659,1.00351829268293,0.134176426168742
Body mass index,Ankylosing spondylitis,GCST006900,AS_GWAS,57530,rs1535660,-2.05762585034014,1.57352380952381,0.190990444946244
Body mass index,Ankylosing spondylitis,GCST006900,AS_GWAS,57530,rs1552893,0.557828571428571,1.42959523809524,0.696388398093354
Body mass index,Ankylosing spondylitis,GCST006900,AS_GWAS,57530,rs156201,-0.442052845528455,1.50762601626016,0.769360717608948
Body mass index,Ankylosing spondylitis,GCST006900,AS_GWAS,57530,rs1579557,-0.881211267605634,0.825971830985916,0.286026879881562
Body mass index,Ankylosing spondylitis,GCST006900,AS_GWAS,57530,rs1583123,0.440893518518519,1.52835185185185,0.7729820538526
Body mass index,Ankylosing spondylitis,GCST006900,AS_GWAS,57530,rs1624134,0.85060099009901,1.60758415841584,0.596723908197663
Body mass index,Ankylosing spondylitis,GCST006900,AS_GWAS,57530,rs1656377,-2.38031313131313,1.36454545454545,0.0810893598556922
Body mass index,Ankylosing spondylitis,GCST006900,AS_GWAS,57530,rs16849710,-0.778344827586207,1.15218965517241,0.499335708082319
Body mass index,Ankylosing spondylitis,GCST006900,AS_GWAS,57530,rs16851483,-0.229190785907859,0.872663956639567,0.792833079894641
Body mass index,Ankylosing spondylitis,GCST006900,AS_GWAS,57530,rs16871902,1.350488,1.27976,0.291303406371437
Body mass index,Ankylosing spondylitis,GCST006900,AS_GWAS,57530,rs16889835,2.02253103448276,1.56899310344828,0.197376168173579
Body mass index,Ankylosing spondylitis,GCST006900,AS_GWAS,57530,rs16903285,0.156659214501511,0.714229607250755,0.826385104126597
Body mass index,Ankylosing spondylitis,GCST006900,AS_GWAS,57530,rs16952396,-0.394105649717514,1.21064406779661,0.744777052062981
Body mass index,Ankylosing spondylitis,GCST006900,AS_GWAS,57530,rs16953563,2.61305223880597,1.36952985074627,0.0563922276345043
Body mass index,Ankylosing spondylitis,GCST006900,AS_GWAS,57530,rs17001561,-0.751933774834437,1.22801986754967,0.540330019220962
Body mass index,Ankylosing spondylitis,GCST006900,AS_GWAS,57530,rs17014375,-2.49694186046512,1.15281395348837,0.0303147110681138
Body mass index,Ankylosing spondylitis,GCST006900,AS_GWAS,57530,rs17056301,0.228619491525424,1.27827966101695,0.85805599116268
Body mass index,Ankylosing spondylitis,GCST006900,AS_GWAS,57530,rs17066856,-0.387441558441558,0.719709090909091,0.590348703003091
Body mass index,Ankylosing spondylitis,GCST006900,AS_GWAS,57530,rs17113297,1.7396265060241,1.16451807228916,0.135212318820902
Body mass index,Ankylosing spondylitis,GCST006900,AS_GWAS,57530,rs17119937,-0.917938679245283,1.50747641509434,0.542574766730217
Body mass index,Ankylosing spondylitis,GCST006900,AS_GWAS,57530,rs17203016,0.170812666666667,1.33368,0.898088670412536
Body mass index,Ankylosing spondylitis,GCST006900,AS_GWAS,57530,rs17207196,-1.73188687782805,0.610846153846154,0.00457932825688065
Body mass index,Ankylosing spondylitis,GCST006900,AS_GWAS,57530,rs17238110,-2.60025212464589,1.46266855524079,0.0754456987986394
Body mass index,Ankylosing spondylitis,GCST006900,AS_GWAS,57530,rs17311369,1.08145192307692,1.63875,0.509302026942589
Body mass index,Ankylosing spondylitis,GCST006900,AS_GWAS,57530,rs17327461,0.1159528,1.287968,0.928265200756766
Body mass index,Ankylosing spondylitis,GCST006900,AS_GWAS,57530,rs17405819,0.263203255813953,0.810813953488372,0.745471647648107
Body mass index,Ankylosing spondylitis,GCST006900,AS_GWAS,57530,rs17424296,1.24680555555556,1.28157407407407,0.330617689465138
Body mass index,Ankylosing spondylitis,GCST006900,AS_GWAS,57530,rs17425707,-1.37916167664671,1.58946706586826,0.385565095843811
Body mass index,Ankylosing spondylitis,GCST006900,AS_GWAS,57530,rs17446257,3.07042483660131,1.30629411764706,0.0187489591868682
Body mass index,Ankylosing spondylitis,GCST006900,AS_GWAS,57530,rs17513613,-0.639247311827957,0.909032258064516,0.481920269842012
Body mass index,Ankylosing spondylitis,GCST006900,AS_GWAS,57530,rs175165,0.565274757281553,1.58108737864078,0.720700474546504
Body mass index,Ankylosing spondylitis,GCST006900,AS_GWAS,57530,rs17551974,-1.36080141843972,1.21436879432624,0.262465267173375
Body mass index,Ankylosing spondylitis,GCST006900,AS_GWAS,57530,rs1759975,1.23348958333333,1.70192708333333,0.468598950759352
Body mass index,Ankylosing spondylitis,GCST006900,AS_GWAS,57530,rs17636031,0.99991875,1.10606875,0.365979773023981
Body mass index,Ankylosing spondylitis,GCST006900,AS_GWAS,57530,rs17663412,1.55908280254777,1.58035031847134,0.323866955479509
Body mass index,Ankylosing spondylitis,GCST006900,AS_GWAS,57530,rs17710386,-0.651920634920635,1.37200793650794,0.634674315055554
Body mass index,Ankylosing spondylitis,GCST006900,AS_GWAS,57530,rs17789218,-1.26156153846154,1.43386923076923,0.378951269190589
Body mass index,Ankylosing spondylitis,GCST006900,AS_GWAS,57530,rs17806379,0.386218217054264,0.667841085271318,0.563055815497919
Body mass index,Ankylosing spondylitis,GCST006900,AS_GWAS,57530,rs1784460,0.244777272727273,1.23107575757576,0.842394152104202
Body mass index,Ankylosing spondylitis,GCST006900,AS_GWAS,57530,rs1804528,-2.68702752293578,1.52324770642202,0.0777299268376423
Body mass index,Ankylosing spondylitis,GCST006900,AS_GWAS,57530,rs1814170,-1.03390640394089,1.29275862068966,0.42384548319871
Body mass index,Ankylosing spondylitis,GCST006900,AS_GWAS,57530,rs1830074,-3.73342608695652,1.5306347826087,0.0147224347203898
Body mass index,Ankylosing spondylitis,GCST006900,AS_GWAS,57530,rs1863652,2.10711304347826,1.4628347826087,0.149745406656166
Body mass index,Ankylosing spondylitis,GCST006900,AS_GWAS,57530,rs1884389,2.67727184466019,1.30250485436893,0.0398327272151967
Body mass index,Ankylosing spondylitis,GCST006900,AS_GWAS,57530,rs1884897,0.219739175257732,0.850180412371134,0.796050512624471
Body mass index,Ankylosing spondylitis,GCST006900,AS_GWAS,57530,rs1885728,0.329859259259259,1.58476851851852,0.835116926168826
Body mass index,Ankylosing spondylitis,GCST006900,AS_GWAS,57530,rs1891216,-2.44100934579439,1.54371962616822,0.113820489232462
Body mass index,Ankylosing spondylitis,GCST006900,AS_GWAS,57530,rs1927790,0.880567567567567,0.912560810810811,0.334574239924212
Body mass index,Ankylosing spondylitis,GCST006900,AS_GWAS,57530,rs1937684,-1.64102678571429,1.49734821428571,0.273098314941742
Body mass index,Ankylosing spondylitis,GCST006900,AS_GWAS,57530,rs1948080,0.748591240875912,1.2053503649635,0.534562142384762
Body mass index,Ankylosing spondylitis,GCST006900,AS_GWAS,57530,rs1951455,0.26065724137931,1.22711034482759,0.831782904647127
Body mass index,Ankylosing spondylitis,GCST006900,AS_GWAS,57530,rs1982441,1.31889142857143,1.33935428571429,0.324760717503464
Body mass index,Ankylosing spondylitis,GCST006900,AS_GWAS,57530,rs1982725,0.306414432989691,1.64624742268041,0.852343578428706
Body mass index,Ankylosing spondylitis,GCST006900,AS_GWAS,57530,rs1993709,-0.375474320241692,0.60914501510574,0.537633442367926
Body mass index,Ankylosing spondylitis,GCST006900,AS_GWAS,57530,rs1999494,0.860115094339623,1.59581132075472,0.589898618799857
Body mass index,Ankylosing spondylitis,GCST006900,AS_GWAS,57530,rs2007231,-2.07417307692308,1.35138461538462,0.124820604981378
Body mass index,Ankylosing spondylitis,GCST006900,AS_GWAS,57530,rs200810,-1.56093382352941,1.21476470588235,0.198803452479464
Body mass index,Ankylosing spondylitis,GCST006900,AS_GWAS,57530,rs2009416,-1.21857024793388,1.38488429752066,0.378909355739369
Body mass index,Ankylosing spondylitis,GCST006900,AS_GWAS,57530,rs2047648,1.29227118644068,1.54700847457627,0.403528802460983
Body mass index,Ankylosing spondylitis,GCST006900,AS_GWAS,57530,rs2051559,0.0826988636363636,1.32963068181818,0.950406056858174
Body mass index,Ankylosing spondylitis,GCST006900,AS_GWAS,57530,rs2065418,-1.14314457831325,0.839319277108434,0.17320099738296
Body mass index,Ankylosing spondylitis,GCST006900,AS_GWAS,57530,rs208015,-0.937061797752809,0.734050561797753,0.201756566558782
Body mass index,Ankylosing spondylitis,GCST006900,AS_GWAS,57530,rs2124499,0.457032520325203,1.34669918699187,0.734329216073385
Body mass index,Ankylosing spondylitis,GCST006900,AS_GWAS,57530,rs2143253,0.338652127659574,1.267,0.789248499906
Body mass index,Ankylosing spondylitis,GCST006900,AS_GWAS,57530,rs215634,-2.09482236842105,0.903111842105263,0.0203646759905854
Body mass index,Ankylosing spondylitis,GCST006900,AS_GWAS,57530,rs2169642,-0.55479262295082,1.35845081967213,0.682979326533007
Body mass index,Ankylosing spondylitis,GCST006900,AS_GWAS,57530,rs2174307,-0.324655371900826,1.12364462809917,0.772634448809329
Body mass index,Ankylosing spondylitis,GCST006900,AS_GWAS,57530,rs217671,-2.80034722222222,1.25278472222222,0.0253977892872138
Body mass index,Ankylosing spondylitis,GCST006900,AS_GWAS,57530,rs2192158,1.36906201550388,1.03776744186047,0.187089631742048
Body mass index,Ankylosing spondylitis,GCST006900,AS_GWAS,57530,rs2228213,0.448090647482014,1.20223741007194,0.709361356804055
Body mass index,Ankylosing spondylitis,GCST006900,AS_GWAS,57530,rs2235564,-0.961984732824427,1.2882213740458,0.455211941151627
Body mass index,Ankylosing spondylitis,GCST006900,AS_GWAS,57530,rs2246012,1.61516455696203,1.36403164556962,0.23636921886632
Body mass index,Ankylosing spondylitis,GCST006900,AS_GWAS,57530,rs2257791,0.349557746478873,1.30646478873239,0.789038007731241
Body mass index,Ankylosing spondylitis,GCST006900,AS_GWAS,57530,rs226000,-1.37136134453782,1.7762268907563,0.440076353968851
Body mass index,Ankylosing spondylitis,GCST006900,AS_GWAS,57530,rs2271189,0.718840277777778,0.941319444444444,0.445074778064238
Body mass index,Ankylosing spondylitis,GCST006900,AS_GWAS,57530,rs2281819,3.21189375,1.19929375,0.00740290997946567
Body mass index,Ankylosing spondylitis,GCST006900,AS_GWAS,57530,rs2283093,-0.768788976377953,1.56218897637795,0.622632461291261
Body mass index,Ankylosing spondylitis,GCST006900,AS_GWAS,57530,rs2285178,-3.68724107142857,1.56080357142857,0.0181570796286737
Body mass index,Ankylosing spondylitis,GCST006900,AS_GWAS,57530,rs2307111,-0.396667924528302,0.61253962264151,0.517257147911908
Body mass index,Ankylosing spondylitis,GCST006900,AS_GWAS,57530,rs2357760,-1.1762,1.17373103448276,0.316293598505397
Body mass index,Ankylosing spondylitis,GCST006900,AS_GWAS,57530,rs2365389,-0.832632183908046,0.932402298850575,0.371858935314057
Body mass index,Ankylosing spondylitis,GCST006900,AS_GWAS,57530,rs2367112,3.1143781512605,1.11326890756303,0.00514985668712193
Body mass index,Ankylosing spondylitis,GCST006900,AS_GWAS,57530,rs2411182,2.54392682926829,1.42007317073171,0.0732282536556225
Body mass index,Ankylosing spondylitis,GCST006900,AS_GWAS,57530,rs2423668,-1.44665714285714,1.52431428571429,0.342592957247379
Body mass index,Ankylosing spondylitis,GCST006900,AS_GWAS,57530,rs2425840,1.50786554621849,1.36385714285714,0.268904424042357
Body mass index,Ankylosing spondylitis,GCST006900,AS_GWAS,57530,rs2479958,1.69677922077922,1.03852597402597,0.102293675787592
Body mass index,Ankylosing spondylitis,GCST006900,AS_GWAS,57530,rs2481665,-0.177574534161491,1.0026149068323,0.859420884172281
Body mass index,Ankylosing spondylitis,GCST006900,AS_GWAS,57530,rs2543011,-1.43707272727273,1.32910909090909,0.279594781245986
Body mass index,Ankylosing spondylitis,GCST006900,AS_GWAS,57530,rs2543132,1.03758904109589,1.39265068493151,0.456243816962886
Body mass index,Ankylosing spondylitis,GCST006900,AS_GWAS,57530,rs2600226,0.119360344827586,1.4726724137931,0.935402056340607
Body mass index,Ankylosing spondylitis,GCST006900,AS_GWAS,57530,rs2605603,-0.256887378640777,1.54550485436893,0.867987098883708
Body mass index,Ankylosing spondylitis,GCST006900,AS_GWAS,57530,rs2608703,1.64890845070423,1.12724647887324,0.143528838813484
Body mass index,Ankylosing spondylitis,GCST006900,AS_GWAS,57530,rs262130,-1.48937795275591,1.60468503937008,0.353333149345598
Body mass index,Ankylosing spondylitis,GCST006900,AS_GWAS,57530,rs2693826,2.04909489051095,1.1767299270073,0.0816228077625085
Body mass index,Ankylosing spondylitis,GCST006900,AS_GWAS,57530,rs2694047,-2.36353723404255,0.979287234042553,0.0157989106205072
Body mass index,Ankylosing spondylitis,GCST006900,AS_GWAS,57530,rs273504,-1.41638562091503,0.882745098039216,0.108598617270174
Body mass index,Ankylosing spondylitis,GCST006900,AS_GWAS,57530,rs2791653,-2.26968085106383,1.34351063829787,0.0911493611962036
Body mass index,Ankylosing spondylitis,GCST006900,AS_GWAS,57530,rs2820311,1.59815319148936,0.717578723404255,0.0259374611286014
Body mass index,Ankylosing spondylitis,GCST006900,AS_GWAS,57530,rs2832283,-2.85402608695652,1.68146086956522,0.0896306803146051
Body mass index,Ankylosing spondylitis,GCST006900,AS_GWAS,57530,rs28350,-0.0291909039548023,1.17102259887006,0.980112630022938
Body mass index,Ankylosing spondylitis,GCST006900,AS_GWAS,57530,rs2836968,-5.65606422018349,1.50362385321101,0.000168815198944407
Body mass index,Ankylosing spondylitis,GCST006900,AS_GWAS,57530,rs2861683,-0.460178472222222,0.941118055555556,0.624862953751582
Body mass index,Ankylosing spondylitis,GCST006900,AS_GWAS,57530,rs2868975,-0.502982517482518,1.45271328671329,0.729164906642323
Body mass index,Ankylosing spondylitis,GCST006900,AS_GWAS,57530,rs287104,0.935695652173913,1.46234782608696,0.522264611423969
Body mass index,Ankylosing spondylitis,GCST006900,AS_GWAS,57530,rs2875762,-0.813841726618705,1.34234532374101,0.544326560105685
Body mass index,Ankylosing spondylitis,GCST006900,AS_GWAS,57530,rs2885415,1.93353797468354,0.990974683544304,0.0510394783286388
Body mass index,Ankylosing spondylitis,GCST006900,AS_GWAS,57530,rs2907948,0.813836879432624,1.10090070921986,0.459757393787831
Body mass index,Ankylosing spondylitis,GCST006900,AS_GWAS,57530,rs2931434,0.637195192307692,1.62605769230769,0.695157921843208
Body mass index,Ankylosing spondylitis,GCST006900,AS_GWAS,57530,rs294704,1.07767256637168,1.57653982300885,0.494247839864775
Body mass index,Ankylosing spondylitis,GCST006900,AS_GWAS,57530,rs2962447,-2.30142307692308,1.54392307692308,0.136057809191897
Body mass index,Ankylosing spondylitis,GCST006900,AS_GWAS,57530,rs3007105,0.474350704225352,1.13619718309859,0.67632020312035
Body mass index,Ankylosing spondylitis,GCST006900,AS_GWAS,57530,rs317646,-0.802207142857143,1.27712142857143,0.529914237573382
Body mass index,Ankylosing spondylitis,GCST006900,AS_GWAS,57530,rs326889,0.32178992248062,1.26831007751938,0.799715360356848
Body mass index,Ankylosing spondylitis,GCST006900,AS_GWAS,57530,rs329651,2.36600609756098,1.06596951219512,0.026447196325666
Body mass index,Ankylosing spondylitis,GCST006900,AS_GWAS,57530,rs331966,0.302030357142857,1.47088392857143,0.837306998267624
Body mass index,Ankylosing spondylitis,GCST006900,AS_GWAS,57530,rs339991,3.58311290322581,1.30382258064516,0.00599307781201777
Body mass index,Ankylosing spondylitis,GCST006900,AS_GWAS,57530,rs349088,-1.8035390625,1.2492109375,0.148811390025741
Body mass index,Ankylosing spondylitis,GCST006900,AS_GWAS,57530,rs355777,1.80271895424837,1.05701307189542,0.0881041810848831
Body mass index,Ankylosing spondylitis,GCST006900,AS_GWAS,57530,rs3732084,0.391766355140187,1.27678504672897,0.758966572416739
Body mass index,Ankylosing spondylitis,GCST006900,AS_GWAS,57530,rs3736485,1.11497014925373,0.996686567164179,0.263278041986065
Body mass index,Ankylosing spondylitis,GCST006900,AS_GWAS,57530,rs3749897,1.21026229508197,1.32924590163934,0.36256526585899
Body mass index,Ankylosing spondylitis,GCST006900,AS_GWAS,57530,rs3754963,-2.11638211382114,1.4810325203252,0.153006825747304
Body mass index,Ankylosing spondylitis,GCST006900,AS_GWAS,57530,rs3764835,-2.75659574468085,1.56325531914894,0.0778382988748396
Body mass index,Ankylosing spondylitis,GCST006900,AS_GWAS,57530,rs3800229,1.51532571428571,1.01506285714286,0.135479260050911
Body mass index,Ankylosing spondylitis,GCST006900,AS_GWAS,57530,rs3800637,3.10212173913044,1.47666956521739,0.0356624329267535
Body mass index,Ankylosing spondylitis,GCST006900,AS_GWAS,57530,rs3803286,2.38634254143646,0.931546961325967,0.0104161670638744
Body mass index,Ankylosing spondylitis,GCST006900,AS_GWAS,57530,rs3806572,-0.519526206896552,1.21808275862069,0.66973522844914
Body mass index,Ankylosing spondylitis,GCST006900,AS_GWAS,57530,rs3807645,-1.27616265060241,1.14979518072289,0.267040254099954
Body mass index,Ankylosing spondylitis,GCST006900,AS_GWAS,57530,rs380857,-0.0701105960264901,1.68417218543046,0.966794363679147
Body mass index,Ankylosing spondylitis,GCST006900,AS_GWAS,57530,rs3814883,0.987331896551724,0.573909482758621,0.0853667133947008
Body mass index,Ankylosing spondylitis,GCST006900,AS_GWAS,57530,rs3829849,3.52874489795918,1.69032653061224,0.0368329047986139
Body mass index,Ankylosing spondylitis,GCST006900,AS_GWAS,57530,rs38314,3.57880833333333,1.33191666666667,0.00721053396121254
Body mass index,Ankylosing spondylitis,GCST006900,AS_GWAS,57530,rs3844598,1.01385368421053,1.40795789473684,0.471470771854646
Body mass index,Ankylosing spondylitis,GCST006900,AS_GWAS,57530,rs3902951,-0.175405970149254,1.39165671641791,0.899699375647244
Body mass index,Ankylosing spondylitis,GCST006900,AS_GWAS,57530,rs3904244,-2.39,1.50454838709677,0.112169583667037
Body mass index,Ankylosing spondylitis,GCST006900,AS_GWAS,57530,rs391300,1.04602521008403,1.16396638655462,0.368826841744563
Body mass index,Ankylosing spondylitis,GCST006900,AS_GWAS,57530,rs3977755,-2.32434074074074,1.09061481481481,0.0330709741399942
Body mass index,Ankylosing spondylitis,GCST006900,AS_GWAS,57530,rs40067,0.550548872180451,0.803124060150376,0.493022704143135
Body mass index,Ankylosing spondylitis,GCST006900,AS_GWAS,57530,rs4012234,1.06459574468085,1.15067375886525,0.354865326198133
Body mass index,Ankylosing spondylitis,GCST006900,AS_GWAS,57530,rs4072917,-1.26734782608696,1.39637391304348,0.364090024825506
Body mass index,Ankylosing spondylitis,GCST006900,AS_GWAS,57530,rs4148155,2.60271808510638,1.13470212765957,0.0218051121434589
Body mass index,Ankylosing spondylitis,GCST006900,AS_GWAS,57530,rs4151664,-27.86345,1.728855,1.94711145463594e-58
Body mass index,Ankylosing spondylitis,GCST006900,AS_GWAS,57530,rs427943,0.226917058823529,0.945123529411765,0.810258558302087
Body mass index,Ankylosing spondylitis,GCST006900,AS_GWAS,57530,rs429343,0.85416,0.90186,0.343583082464249
Body mass index,Ankylosing spondylitis,GCST006900,AS_GWAS,57530,rs4307239,-0.576250434782609,1.39931304347826,0.680479041982335
Body mass index,Ankylosing spondylitis,GCST006900,AS_GWAS,57530,rs4310573,-1.60093965517241,1.64821551724138,0.331390474928167
Body mass index,Ankylosing spondylitis,GCST006900,AS_GWAS,57530,rs4358081,-1.49110309278351,1.64298969072165,0.364113512371244
Body mass index,Ankylosing spondylitis,GCST006900,AS_GWAS,57530,rs4414033,-1.65810852713178,1.28393798449612,0.196556639068739
Body mass index,Ankylosing spondylitis,GCST006900,AS_GWAS,57530,rs4430672,-0.338282677165354,1.31135433070866,0.796434415159363
Body mass index,Ankylosing spondylitis,GCST006900,AS_GWAS,57530,rs4482463,0.948163141993958,0.902021148036254,0.293187864090316
Body mass index,Ankylosing spondylitis,GCST006900,AS_GWAS,57530,rs4516268,-1.55012442396313,0.939013824884793,0.0987793327383246
Body mass index,Ankylosing spondylitis,GCST006900,AS_GWAS,57530,rs4518345,3.15173504273504,1.52562393162393,0.0388411071920401
Body mass index,Ankylosing spondylitis,GCST006900,AS_GWAS,57530,rs4556997,-0.712279187817259,0.97936040609137,0.467048223889171
Body mass index,Ankylosing spondylitis,GCST006900,AS_GWAS,57530,rs4589691,2.32141134751773,1.56590780141844,0.138215278744921
Body mass index,Ankylosing spondylitis,GCST006900,AS_GWAS,57530,rs4639527,-1.37180813953488,0.845273255813954,0.104607198771442
Body mass index,Ankylosing spondylitis,GCST006900,AS_GWAS,57530,rs4653017,2.14061475409836,1.40776229508197,0.128365346774702
Body mass index,Ankylosing spondylitis,GCST006900,AS_GWAS,57530,rs4660443,-1.56021951219512,1.18828658536585,0.189183167769019
Body mass index,Ankylosing spondylitis,GCST006900,AS_GWAS,57530,rs4671328,0.0520305936073059,0.733785388127854,0.94347169293024
Body mass index,Ankylosing spondylitis,GCST006900,AS_GWAS,57530,rs4713436,-60.7027067669173,1.46008270676692,0
Body mass index,Ankylosing spondylitis,GCST006900,AS_GWAS,57530,rs4722398,-0.799151898734177,1.24675949367089,0.521533593506546
Body mass index,Ankylosing spondylitis,GCST006900,AS_GWAS,57530,rs4740619,-0.967220430107527,0.863134408602151,0.262462106227573
Body mass index,Ankylosing spondylitis,GCST006900,AS_GWAS,57530,rs4757144,-0.493617159763314,0.958082840236687,0.606403875491682
Body mass index,Ankylosing spondylitis,GCST006900,AS_GWAS,57530,rs4786903,-1.217104,1.441232,0.39839642870682
Body mass index,Ankylosing spondylitis,GCST006900,AS_GWAS,57530,rs4800191,-0.304931067961165,1.61546601941748,0.850283008811971
Body mass index,Ankylosing spondylitis,GCST006900,AS_GWAS,57530,rs4801117,1.4115,1.59825,0.37715336901203
Body mass index,Ankylosing spondylitis,GCST006900,AS_GWAS,57530,rs4818225,0.466636752136752,1.44549572649573,0.74683061097897
Body mass index,Ankylosing spondylitis,GCST006900,AS_GWAS,57530,rs4820408,-0.716695364238411,1.08159602649007,0.507569097957673
Body mass index,Ankylosing spondylitis,GCST006900,AS_GWAS,57530,rs4851029,-1.47147933884298,1.32914876033058,0.26825760835623
Body mass index,Ankylosing spondylitis,GCST006900,AS_GWAS,57530,rs4858193,-0.538418604651163,1.38163565891473,0.696760972013129
Body mass index,Ankylosing spondylitis,GCST006900,AS_GWAS,57530,rs4864201,-1.16424822695035,1.18443971631206,0.325630714649483
Body mass index,Ankylosing spondylitis,GCST006900,AS_GWAS,57530,rs4880341,-1.21491525423729,1.14622881355932,0.289179245466999
Body mass index,Ankylosing spondylitis,GCST006900,AS_GWAS,57530,rs4906908,-1.80830097087379,1.55253398058252,0.244123589342957
Body mass index,Ankylosing spondylitis,GCST006900,AS_GWAS,57530,rs491711,-0.908704347826087,1.49452173913043,0.543171883873286
Body mass index,Ankylosing spondylitis,GCST006900,AS_GWAS,57530,rs4929923,-1.35571270718232,0.765569060773481,0.0765846198203962
Body mass index,Ankylosing spondylitis,GCST006900,AS_GWAS,57530,rs4936175,0.409561475409836,1.31589344262295,0.755616558770464
Body mass index,Ankylosing spondylitis,GCST006900,AS_GWAS,57530,rs4937870,-1.10122935779817,1.58298165137615,0.486636897352462
Body mass index,Ankylosing spondylitis,GCST006900,AS_GWAS,57530,rs4952843,1.45659541984733,1.24867938931298,0.243408817387301
Body mass index,Ankylosing spondylitis,GCST006900,AS_GWAS,57530,rs4954638,-1.47672881355932,1.57133898305085,0.347325240056063
Body mass index,Ankylosing spondylitis,GCST006900,AS_GWAS,57530,rs4968656,0.515388793103448,1.47062931034483,0.725997563217343
Body mass index,Ankylosing spondylitis,GCST006900,AS_GWAS,57530,rs4981693,-0.300706310679612,0.912611650485437,0.741777154791843
Body mass index,Ankylosing spondylitis,GCST006900,AS_GWAS,57530,rs4986044,0.733024390243902,0.98105487804878,0.454955034021569
Body mass index,Ankylosing spondylitis,GCST006900,AS_GWAS,57530,rs538579,0.233250364963504,1.25178102189781,0.852182219740252
Body mass index,Ankylosing spondylitis,GCST006900,AS_GWAS,57530,rs543874,0.259486315789474,0.417408421052632,0.534165148876814
Body mass index,Ankylosing spondylitis,GCST006900,AS_GWAS,57530,rs559231,-0.812385185185185,1.01113333333333,0.421720337538744
Body mass index,Ankylosing spondylitis,GCST006900,AS_GWAS,57530,rs577525,1.6861265060241,0.805795180722892,0.0363938017324839
Body mass index,Ankylosing spondylitis,GCST006900,AS_GWAS,57530,rs592483,1.01466666666667,1.1,0.356307329466651
Body mass index,Ankylosing spondylitis,GCST006900,AS_GWAS,57530,rs6050446,2.7015306122449,1.17289795918367,0.0212622216611011
Body mass index,Ankylosing spondylitis,GCST006900,AS_GWAS,57530,rs621042,-2.4635046728972,1.50264485981308,0.101120468002562
Body mass index,Ankylosing spondylitis,GCST006900,AS_GWAS,57530,rs6235,0.486945714285714,0.860965714285714,0.571678753771141
Body mass index,Ankylosing spondylitis,GCST006900,AS_GWAS,57530,rs6265,-0.304376213592233,0.494080097087379,0.537863965184374
Body mass index,Ankylosing spondylitis,GCST006900,AS_GWAS,57530,rs629443,0.0713693103448276,1.36469827586207,0.958292227843788
Body mass index,Ankylosing spondylitis,GCST006900,AS_GWAS,57530,rs6443750,-1.111,1.44393918918919,0.441642248414181
Body mass index,Ankylosing spondylitis,GCST006900,AS_GWAS,57530,rs6448587,0.636059880239521,1.25375449101796,0.611927425003955
Body mass index,Ankylosing spondylitis,GCST006900,AS_GWAS,57530,rs645040,-0.651,1.11034502923977,0.557671081334822
Body mass index,Ankylosing spondylitis,GCST006900,AS_GWAS,57530,rs6461115,-0.530400694444445,1.09799305555556,0.629050438616053
Body mass index,Ankylosing spondylitis,GCST006900,AS_GWAS,57530,rs6471941,-0.760820512820513,1.37235256410256,0.579310983747802
Body mass index,Ankylosing spondylitis,GCST006900,AS_GWAS,57530,rs6512302,2.71604225352113,1.08511971830986,0.0123149520665463
Body mass index,Ankylosing spondylitis,GCST006900,AS_GWAS,57530,rs6545714,1.70331937172775,0.852015706806283,0.0455905814122084
Body mass index,Ankylosing spondylitis,GCST006900,AS_GWAS,57530,rs6551278,2.7297182320442,1.22557458563536,0.0259274508400013
Body mass index,Ankylosing spondylitis,GCST006900,AS_GWAS,57530,rs6556301,1.18533333333333,1.49224324324324,0.42700343801651
Body mass index,Ankylosing spondylitis,GCST006900,AS_GWAS,57530,rs657452,-1.54571276595745,0.873973404255319,0.076960000487671
Body mass index,Ankylosing spondylitis,GCST006900,AS_GWAS,57530,rs6587552,-1.80069942196532,1.09193063583815,0.0991277855023998
Body mass index,Ankylosing spondylitis,GCST006900,AS_GWAS,57530,rs6591407,1.67177118644068,1.7430593220339,0.337507506151657
Body mass index,Ankylosing spondylitis,GCST006900,AS_GWAS,57530,rs6593688,-1.98765693430657,1.2012700729927,0.0979996699668378
Body mass index,Ankylosing spondylitis,GCST006900,AS_GWAS,57530,rs663129,-0.292420183486239,0.287818348623853,0.309634778165905
Body mass index,Ankylosing spondylitis,GCST006900,AS_GWAS,57530,rs6673081,1.01853,1.34797,0.449887334977646
Body mass index,Ankylosing spondylitis,GCST006900,AS_GWAS,57530,rs6692586,0.01865015625,1.10884895833333,0.986580706016487
Body mass index,Ankylosing spondylitis,GCST006900,AS_GWAS,57530,rs6712,-0.775760869565217,1.67765217391304,0.643788300539377
Body mass index,Ankylosing spondylitis,GCST006900,AS_GWAS,57530,rs6764533,-1.5658275862069,1.43669827586207,0.275766354427843
Body mass index,Ankylosing spondylitis,GCST006900,AS_GWAS,57530,rs6772756,-0.0783864423076923,1.62958653846154,0.96163491773865
Body mass index,Ankylosing spondylitis,GCST006900,AS_GWAS,57530,rs6781254,-3.03859821428571,1.56591071428571,0.0523229494200517
Body mass index,Ankylosing spondylitis,GCST006900,AS_GWAS,57530,rs6792696,3.04294230769231,1.35124038461538,0.0243246590597728
Body mass index,Ankylosing spondylitis,GCST006900,AS_GWAS,57530,rs6804842,1.13116666666667,1.03599358974359,0.274891796196179
Body mass index,Ankylosing spondylitis,GCST006900,AS_GWAS,57530,rs6841761,0.404328244274809,1.2188320610687,0.740089995125984
Body mass index,Ankylosing spondylitis,GCST006900,AS_GWAS,57530,rs685870,-2.27225833333333,1.4458,0.116037078276507
Body mass index,Ankylosing spondylitis,GCST006900,AS_GWAS,57530,rs6985109,0.515168926553672,0.907446327683616,0.570229975436995
Body mass index,Ankylosing spondylitis,GCST006900,AS_GWAS,57530,rs7024334,0.389188405797102,1.38889130434783,0.779312432686815
Body mass index,Ankylosing spondylitis,GCST006900,AS_GWAS,57530,rs7025938,-0.0520425903614458,1.03724698795181,0.959983914837945
Body mass index,Ankylosing spondylitis,GCST006900,AS_GWAS,57530,rs705217,4.56174509803922,1.62628431372549,0.00503148905620201
Body mass index,Ankylosing spondylitis,GCST006900,AS_GWAS,57530,rs7084454,-1.13288601036269,0.969134715025907,0.242417131001616
Body mass index,Ankylosing spondylitis,GCST006900,AS_GWAS,57530,rs709400,0.165366666666667,0.922466666666667,0.857729049093102
Body mass index,Ankylosing spondylitis,GCST006900,AS_GWAS,57530,rs7102454,1.17953164556962,1.05758860759494,0.264720641289891
Body mass index,Ankylosing spondylitis,GCST006900,AS_GWAS,57530,rs7117238,-2.08771755725191,1.63979389312977,0.202961798381772
Body mass index,Ankylosing spondylitis,GCST006900,AS_GWAS,57530,rs7124681,1.40169201520913,0.614802281368821,0.0226132057506087
Body mass index,Ankylosing spondylitis,GCST006900,AS_GWAS,57530,rs7138803,-0.261946666666667,0.55116,0.63459860774858
Body mass index,Ankylosing spondylitis,GCST006900,AS_GWAS,57530,rs7144011,-0.450929078014184,0.6865,0.511275915961972
Body mass index,Ankylosing spondylitis,GCST006900,AS_GWAS,57530,rs7148846,0.663251612903226,1.64307258064516,0.686458758278859
Body mass index,Ankylosing spondylitis,GCST006900,AS_GWAS,57530,rs7172627,-0.573932478632479,1.37041025641026,0.675359817758597
Body mass index,Ankylosing spondylitis,GCST006900,AS_GWAS,57530,rs7181498,-1.1069754601227,1.02222699386503,0.278850272149277
Body mass index,Ankylosing spondylitis,GCST006900,AS_GWAS,57530,rs7196720,-1.49888372093023,1.2383023255814,0.226112252169007
Body mass index,Ankylosing spondylitis,GCST006900,AS_GWAS,57530,rs7206608,0.827348484848485,1.29324242424242,0.522336830912235
Body mass index,Ankylosing spondylitis,GCST006900,AS_GWAS,57530,rs7222349,-2.86984347826087,1.4701652173913,0.0509316658027653
Body mass index,Ankylosing spondylitis,GCST006900,AS_GWAS,57530,rs7249149,2.20072580645161,1.20389516129032,0.0675488720376798
Body mass index,Ankylosing spondylitis,GCST006900,AS_GWAS,57530,rs7313220,0.347515573770492,1.30553278688525,0.790095360913905
Body mass index,Ankylosing spondylitis,GCST006900,AS_GWAS,57530,rs7313924,2.68676237623762,1.75739603960396,0.126306227845548
Body mass index,Ankylosing spondylitis,GCST006900,AS_GWAS,57530,rs7318817,0.326732258064516,0.896458064516129,0.715506916029702
Body mass index,Ankylosing spondylitis,GCST006900,AS_GWAS,57530,rs7334078,-0.199665289256198,1.46634710743802,0.891690770391513
Body mass index,Ankylosing spondylitis,GCST006900,AS_GWAS,57530,rs7358465,0.909094174757282,1.66333980582524,0.584689661505153
Body mass index,Ankylosing spondylitis,GCST006900,AS_GWAS,57530,rs7488867,0.476549019607843,0.760235294117647,0.530761423336649
Body mass index,Ankylosing spondylitis,GCST006900,AS_GWAS,57530,rs7498665,4.41785977859779,0.498985239852399,8.46736458272025e-19
Body mass index,Ankylosing spondylitis,GCST006900,AS_GWAS,57530,rs7503597,0.825007462686567,1.30723134328358,0.527968258125459
Body mass index,Ankylosing spondylitis,GCST006900,AS_GWAS,57530,rs7535528,-0.842572368421053,0.90633552631579,0.352553732499031
Body mass index,Ankylosing spondylitis,GCST006900,AS_GWAS,57530,rs754635,2.18490404040404,1.28092424242424,0.0880593600718205
Body mass index,Ankylosing spondylitis,GCST006900,AS_GWAS,57530,rs7550711,-0.150533281972265,0.774565485362096,0.845905395833233
Body mass index,Ankylosing spondylitis,GCST006900,AS_GWAS,57530,rs7551507,0.121722826086957,0.872989130434783,0.889108600844192
Body mass index,Ankylosing spondylitis,GCST006900,AS_GWAS,57530,rs7557796,-0.36951375,1.04686875,0.724110582365492
Body mass index,Ankylosing spondylitis,GCST006900,AS_GWAS,57530,rs756717,1.07528378378378,1.10898648648649,0.332241197768686
Body mass index,Ankylosing spondylitis,GCST006900,AS_GWAS,57530,rs7594289,0.746817117117117,1.44589189189189,0.605498499827585
Body mass index,Ankylosing spondylitis,GCST006900,AS_GWAS,57530,rs7598508,-0.158321428571429,1.11202597402597,0.886786130529851
Body mass index,Ankylosing spondylitis,GCST006900,AS_GWAS,57530,rs7599312,0.208567741935484,0.973559139784946,0.830365966473058
Body mass index,Ankylosing spondylitis,GCST006900,AS_GWAS,57530,rs7615297,1.0230067114094,1.28747651006711,0.426856217264831
Body mass index,Ankylosing spondylitis,GCST006900,AS_GWAS,57530,rs7626079,-0.362178181818182,1.52423636363636,0.812181365066356
Body mass index,Ankylosing spondylitis,GCST006900,AS_GWAS,57530,rs7637852,0.0914539568345324,1.25488489208633,0.941902911881916
Body mass index,Ankylosing spondylitis,GCST006900,AS_GWAS,57530,rs7640424,-0.366611764705882,1.26125,0.771301154336878
Body mass index,Ankylosing spondylitis,GCST006900,AS_GWAS,57530,rs765875,0.689159504132232,1.31180991735537,0.59933981809123
Body mass index,Ankylosing spondylitis,GCST006900,AS_GWAS,57530,rs7683836,-0.765114912280702,1.41589473684211,0.588938058534541
Body mass index,Ankylosing spondylitis,GCST006900,AS_GWAS,57530,rs7685048,0.0700166336633664,1.58562376237624,0.964779134368026
Body mass index,Ankylosing spondylitis,GCST006900,AS_GWAS,57530,rs768840,-2.93534210526316,1.42276315789474,0.0391004954528106
Body mass index,Ankylosing spondylitis,GCST006900,AS_GWAS,57530,rs769449,0.935507874015748,0.803712598425197,0.244430864582286
Body mass index,Ankylosing spondylitis,GCST006900,AS_GWAS,57530,rs7694732,3.55586868686869,1.6310101010101,0.0292453442983366
Body mass index,Ankylosing spondylitis,GCST006900,AS_GWAS,57530,rs7703576,0.260552427184466,1.69505825242718,0.877836062918416
Body mass index,Ankylosing spondylitis,GCST006900,AS_GWAS,57530,rs7704281,0.096059778597786,1.47176752767528,0.947960373832381
Body mass index,Ankylosing spondylitis,GCST006900,AS_GWAS,57530,rs7715256,-1.89230722891566,0.973463855421687,0.0519086461675309
Body mass index,Ankylosing spondylitis,GCST006900,AS_GWAS,57530,rs7724675,1.24036134453782,1.6306974789916,0.446876659190269
Body mass index,Ankylosing spondylitis,GCST006900,AS_GWAS,57530,rs7730004,0.203600675675676,1.15011486486487,0.859487665455034
Body mass index,Ankylosing spondylitis,GCST006900,AS_GWAS,57530,rs7730898,1.19040476190476,1.06789285714286,0.264969128710429
Body mass index,Ankylosing spondylitis,GCST006900,AS_GWAS,57530,rs774246,-2.64732026143791,1.24926797385621,0.0340822535842651
Body mass index,Ankylosing spondylitis,GCST006900,AS_GWAS,57530,rs775728,1.27725,1.50450925925926,0.395910274751747
Body mass index,Ankylosing spondylitis,GCST006900,AS_GWAS,57530,rs7761673,2.73134920634921,1.55193650793651,0.0784142578825661
Body mass index,Ankylosing spondylitis,GCST006900,AS_GWAS,57530,rs7780752,-2.44469784172662,1.19605755395683,0.0409571648841988
Body mass index,Ankylosing spondylitis,GCST006900,AS_GWAS,57530,rs7788008,-1.24226114649682,1.02484076433121,0.225454812432809
Body mass index,Ankylosing spondylitis,GCST006900,AS_GWAS,57530,rs7819514,-1.95700934579439,1.57633644859813,0.214423991826371
Body mass index,Ankylosing spondylitis,GCST006900,AS_GWAS,57530,rs7826312,3.40856730769231,1.57044230769231,0.029972733915173
Body mass index,Ankylosing spondylitis,GCST006900,AS_GWAS,57530,rs7844647,-1.43441463414634,1.46956097560976,0.329022947814602
Body mass index,Ankylosing spondylitis,GCST006900,AS_GWAS,57530,rs7869771,1.86822142857143,1.27628571428571,0.143249801673846
Body mass index,Ankylosing spondylitis,GCST006900,AS_GWAS,57530,rs7871866,-0.926459893048128,1.20524064171123,0.442075656075867
Body mass index,Ankylosing spondylitis,GCST006900,AS_GWAS,57530,rs7899106,0.109395468277946,1.11284592145015,0.921692141544986
Body mass index,Ankylosing spondylitis,GCST006900,AS_GWAS,57530,rs7903146,0.235076243093923,0.976337016574585,0.809730540464029
Body mass index,Ankylosing spondylitis,GCST006900,AS_GWAS,57530,rs7918784,0.409230188679245,1.50647169811321,0.785892603937043
Body mass index,Ankylosing spondylitis,GCST006900,AS_GWAS,57530,rs7925214,0.48703537414966,0.906619047619048,0.591129759413615
Body mass index,Ankylosing spondylitis,GCST006900,AS_GWAS,57530,rs7941030,0.787485714285714,1.22340178571429,0.51977954066167
Body mass index,Ankylosing spondylitis,GCST006900,AS_GWAS,57530,rs7967402,2.14475396825397,1.39434920634921,0.124005678020602
Body mass index,Ankylosing spondylitis,GCST006900,AS_GWAS,57530,rs7983065,0.734790540540541,0.904,0.416320467386579
Body mass index,Ankylosing spondylitis,GCST006900,AS_GWAS,57530,rs8027205,-2.14803703703704,1.52382407407407,0.158647236968179
Body mass index,Ankylosing spondylitis,GCST006900,AS_GWAS,57530,rs8036040,0.118228440366972,1.46756880733945,0.935791283525121
Body mass index,Ankylosing spondylitis,GCST006900,AS_GWAS,57530,rs806600,0.593566315789474,1.67895789473684,0.723689208527484
Body mass index,Ankylosing spondylitis,GCST006900,AS_GWAS,57530,rs8071182,0.235941353383459,1.58724812030075,0.881831348083769
Body mass index,Ankylosing spondylitis,GCST006900,AS_GWAS,57530,rs8097672,0.2939535,1.1279,0.794385426669211
Body mass index,Ankylosing spondylitis,GCST006900,AS_GWAS,57530,rs8123881,0.974989795918367,1.19798979591837,0.415728113207205
Body mass index,Ankylosing spondylitis,GCST006900,AS_GWAS,57530,rs818524,0.482950943396227,1.64084905660377,0.7685058249329
Body mass index,Ankylosing spondylitis,GCST006900,AS_GWAS,57530,rs8192675,-0.0985605263157895,0.964802631578947,0.918632729569888
Body mass index,Ankylosing spondylitis,GCST006900,AS_GWAS,57530,rs825688,0.900949473684211,1.68916842105263,0.593778417232939
Body mass index,Ankylosing spondylitis,GCST006900,AS_GWAS,57530,rs845084,-1.38281428571429,1.30594285714286,0.289662276686858
Body mass index,Ankylosing spondylitis,GCST006900,AS_GWAS,57530,rs852056,-2.032671875,1.46090625,0.164111027580637
Body mass index,Ankylosing spondylitis,GCST006900,AS_GWAS,57530,rs865809,-1.80793700787402,1.49683464566929,0.227108748062972
Body mass index,Ankylosing spondylitis,GCST006900,AS_GWAS,57530,rs872281,-2.55324503311258,1.37599337748344,0.0635155986053034
Body mass index,Ankylosing spondylitis,GCST006900,AS_GWAS,57530,rs876605,1.07365740740741,1.69833333333333,0.52726732534852
Body mass index,Ankylosing spondylitis,GCST006900,AS_GWAS,57530,rs879620,-2.12628571428571,0.712376623376623,0.00283784667373344
Body mass index,Ankylosing spondylitis,GCST006900,AS_GWAS,57530,rs889398,-0.993168367346939,0.828362244897959,0.230545766759785
Body mass index,Ankylosing spondylitis,GCST006900,AS_GWAS,57530,rs895330,-2.46535323383085,1.00127860696517,0.0138085699692813
Body mass index,Ankylosing spondylitis,GCST006900,AS_GWAS,57530,rs901630,-0.0760691780821918,0.930630136986301,0.934853921668676
Body mass index,Ankylosing spondylitis,GCST006900,AS_GWAS,57530,rs902695,-0.788978640776699,1.29469902912621,0.542264941262783
Body mass index,Ankylosing spondylitis,GCST006900,AS_GWAS,57530,rs9294260,1.34997278911565,1.08643537414966,0.214026063784327
Body mass index,Ankylosing spondylitis,GCST006900,AS_GWAS,57530,rs930295,-0.437399526066351,0.861118483412322,0.611492975478932
Body mass index,Ankylosing spondylitis,GCST006900,AS_GWAS,57530,rs9304665,-1.34256331877729,0.808489082969432,0.0967972027205168
Body mass index,Ankylosing spondylitis,GCST006900,AS_GWAS,57530,rs934224,2.00007476635514,1.73035514018692,0.24773216718068
Body mass index,Ankylosing spondylitis,GCST006900,AS_GWAS,57530,rs9362662,-1.72438392857143,1.42844642857143,0.227364995721296
Body mass index,Ankylosing spondylitis,GCST006900,AS_GWAS,57530,rs9367368,1.7510826446281,1.45523140495868,0.228859532671565
Body mass index,Ankylosing spondylitis,GCST006900,AS_GWAS,57530,rs9375702,1.99013043478261,1.49126086956522,0.182030646365462
Body mass index,Ankylosing spondylitis,GCST006900,AS_GWAS,57530,rs9382285,-3.26229130434783,1.70653043478261,0.0559209211259995
Body mass index,Ankylosing spondylitis,GCST006900,AS_GWAS,57530,rs9408882,1.44404301075269,1.72387096774194,0.402213454089712
Body mass index,Ankylosing spondylitis,GCST006900,AS_GWAS,57530,rs9458814,-0.324704347826087,1.63662608695652,0.842733201502721
Body mass index,Ankylosing spondylitis,GCST006900,AS_GWAS,57530,rs946824,1.22622330097087,0.961053398058253,0.20198525362673
Body mass index,Ankylosing spondylitis,GCST006900,AS_GWAS,57530,rs947612,-2.11012068965517,1.59260344827586,0.185187579160232
Body mass index,Ankylosing spondylitis,GCST006900,AS_GWAS,57530,rs9478496,-1.1165,1.41381578947368,0.429698995579575
Body mass index,Ankylosing spondylitis,GCST006900,AS_GWAS,57530,rs9522285,-0.466455118110236,1.27386614173228,0.714236145389506
Body mass index,Ankylosing spondylitis,GCST006900,AS_GWAS,57530,rs9527895,-1.93493939393939,1.28758181818182,0.132898351544898
Body mass index,Ankylosing spondylitis,GCST006900,AS_GWAS,57530,rs9569777,1.11220833333333,1.11282291666667,0.317577850019304
Body mass index,Ankylosing spondylitis,GCST006900,AS_GWAS,57530,rs9599161,0.214479,1.35498,0.874228743677404
Body mass index,Ankylosing spondylitis,GCST006900,AS_GWAS,57530,rs9615905,0.265637272727273,1.2126,0.82660002240575
Body mass index,Ankylosing spondylitis,GCST006900,AS_GWAS,57530,rs962273,-0.429541605839416,1.2681094890511,0.734816181258316
Body mass index,Ankylosing spondylitis,GCST006900,AS_GWAS,57530,rs962796,0.845777027027027,1.34462162162162,0.529344174201985
Body mass index,Ankylosing spondylitis,GCST006900,AS_GWAS,57530,rs9650755,0.467433116883117,0.978584415584416,0.632890410895896
Body mass index,Ankylosing spondylitis,GCST006900,AS_GWAS,57530,rs9688431,-1.51574025974026,1.45097402597403,0.296191057000606
Body mass index,Ankylosing spondylitis,GCST006900,AS_GWAS,57530,rs977747,0.160852071005917,0.95796449704142,0.866653875759754
Body mass index,Ankylosing spondylitis,GCST006900,AS_GWAS,57530,rs9783858,3.01542857142857,1.75684615384615,0.08609116437079
Body mass index,Ankylosing spondylitis,GCST006900,AS_GWAS,57530,rs9806742,-0.0245494711538462,0.964716346153846,0.979698146258726
Body mass index,Ankylosing spondylitis,GCST006900,AS_GWAS,57530,rs9816226,-1.37967492260062,0.524476780185759,0.00852408380324427
Body mass index,Ankylosing spondylitis,GCST006900,AS_GWAS,57530,rs9827823,-2.04269430051813,1.14943523316062,0.0755470729886155
Body mass index,Ankylosing spondylitis,GCST006900,AS_GWAS,57530,rs9845966,-0.409937142857143,1.26825714285714,0.746522025952218
Body mass index,Ankylosing spondylitis,GCST006900,AS_GWAS,57530,rs987237,0.0861430317848411,0.419726161369193,0.83738753317359
Body mass index,Ankylosing spondylitis,GCST006900,AS_GWAS,57530,rs9926784,0.635391472868217,0.797631782945737,0.425684838081188
Body mass index,Ankylosing spondylitis,GCST006900,AS_GWAS,57530,rs9927848,-2.48852459016393,1.24476229508197,0.0455870826547211
Body mass index,Ankylosing spondylitis,GCST006900,AS_GWAS,57530,rs9936385,0.224345744680851,0.216188829787234,0.299395536324774
Body mass index,Ankylosing spondylitis,GCST006900,AS_GWAS,57530,rs9951619,0.138252564102564,1.03405769230769,0.8936405311765
Body mass index,Ankylosing spondylitis,GCST006900,AS_GWAS,57530,rs998732,-4.45263742690058,1.03226315789474,1.60711066490767e-05
Body mass index,Ankylosing spondylitis,GCST006900,AS_GWAS,57530,rs9989141,0.175704320987654,1.02658024691358,0.864101906314897
Body mass index,Ankylosing spondylitis,GCST006900,AS_GWAS,57530,rs999889,-1.75385185185185,1.63322222222222,0.282885478343093
Body mass index,Ankylosing spondylitis,GCST006900,AS_GWAS,57530,All - Inverse variance weighted,-0.0947033514271091,0.112706598654987,0.40076011275083
Body mass index,Ankylosing spondylitis,GCST006900,AS_GWAS,57530,All - MR Egger,0.207254627514657,0.287913188607308,0.471960583730481
