"SNP","effect_allele.exposure","other_allele.exposure","effect_allele.outcome","other_allele.outcome","beta.exposure","beta.outcome","eaf.exposure","eaf.outcome","remove","palindromic","ambiguous","id.outcome","se.outcome","pval.outcome","samplesize.outcome","outcome","se.exposure","pval.exposure","samplesize.exposure","chr.exposure","pos.exposure","id.exposure","exposure","action","SNP_index","mr_keep"
"rs10255516","G","A","G","A",-0.0150352,0.00170709,0.620208,0.47807,FALSE,FALSE,FALSE,"AS_GWAS",0.0133491,0.8982434,75682,"Ankylosing spondylitis",0.00238417,2.85892e-10,617570,"7",1675621,"Smoking","Smoking initiation",2,1,TRUE
"rs10427255","T","C","T","C",-0.0139805,0.032082,0.563299,0.53506,FALSE,FALSE,FALSE,"AS_GWAS",0.0160149,0.04514886,57530,"Ankylosing spondylitis",0.00144108,2.97213e-22,617567,"2",146125523,"Smoking","Smoking initiation",2,1,TRUE
"rs11127914","C","T","C","T",-0.0140253,-0.0158578,0.313898,0.38954,FALSE,FALSE,FALSE,"AS_GWAS",0.0163767,0.3328881,57530,"Ankylosing spondylitis",0.00244324,9.44279e-09,617534,"3",85987161,"Smoking","Smoking initiation",2,1,TRUE
"rs13022438","G","A","G","A",0.0165111,-0.0157911,0.194289,0.38808,FALSE,FALSE,FALSE,"AS_GWAS",0.0164643,0.3375031,57530,"Ankylosing spondylitis",0.00244376,1.41432e-11,617491,"2",162800372,"Smoking","Smoking initiation",2,1,TRUE
"rs13026471","T","C","T","C",0.0151397,-0.035481,0.0666933,0.24412,FALSE,FALSE,FALSE,"AS_GWAS",0.0186776,0.05747791,57530,"Ankylosing spondylitis",0.00271493,2.45473e-08,617377,"2",137564022,"Smoking","Smoking initiation",2,1,TRUE
"rs1451981","T","C","T","C",0.0186805,-0.0217762,0.283347,0.44637,FALSE,FALSE,FALSE,"AS_GWAS",0.016094,0.176035,57530,"Ankylosing spondylitis",0.00254678,2.21823e-13,617631,"2",104127109,"Smoking","Smoking initiation",2,1,TRUE
"rs1514175","G","A","G","A",-0.00850035,0.000523277,0.392971,0.57679,FALSE,FALSE,FALSE,"AS_GWAS",0.0161113,0.9740901,57530,"Ankylosing spondylitis",0.00145712,5.42231e-09,617527,"1",74991644,"Smoking","Smoking initiation",2,1,TRUE
"rs1869244","A","G","A","G",0.0142535,0.0270691,0.636581,0.46202,FALSE,FALSE,FALSE,"AS_GWAS",0.0159947,0.09057419,57530,"Ankylosing spondylitis",0.00239739,2.75756e-09,617169,"3",5724531,"Smoking","Smoking initiation",2,1,TRUE
"rs1937455","G","A","G","A",-0.0138106,0.000815981,0.45607,0.44071,FALSE,FALSE,FALSE,"AS_GWAS",0.0134613,0.9516646,75682,"Ankylosing spondylitis",0.00239194,7.75081e-09,617526,"1",66416939,"Smoking","Smoking initiation",2,1,TRUE
"rs2947411","G","A","G","A",0.0117657,-0.00349934,0.829673,0.82349,FALSE,FALSE,FALSE,"AS_GWAS",0.0174068,0.8406726,75682,"Ankylosing spondylitis",0.00189154,4.96614e-10,617534,"2",614168,"Smoking","Smoking initiation",2,1,TRUE
"rs3001723","A","G","A","G",0.0167432,0.00248928,0.480032,0.2999,FALSE,FALSE,FALSE,"AS_GWAS",0.0145077,0.8637651,75682,"Ankylosing spondylitis",0.00260093,1.21552e-10,617602,"1",44037685,"Smoking","Smoking initiation",2,1,TRUE
"rs3889797","C","A","C","A",0.0132682,0.00061586,0.384185,0.41908,FALSE,FALSE,FALSE,"AS_GWAS",0.0133987,0.9633387,75682,"Ankylosing spondylitis",0.00240978,3.67161e-08,617583,"7",1877924,"Smoking","Smoking initiation",2,1,TRUE
"rs462779","A","G","A","G",-0.0151111,-0.0363152,0.586462,0.81255,FALSE,FALSE,FALSE,"AS_GWAS",0.0169256,0.03190699,75682,"Ankylosing spondylitis",0.00179824,4.34201e-17,617500,"6",111695887,"Smoking","Smoking initiation",2,1,TRUE
"rs528301","A","G","A","G",0.0155494,0.000115508,0.847244,0.56119,FALSE,FALSE,FALSE,"AS_GWAS",0.01604,0.9942543,57530,"Ankylosing spondylitis",0.0023828,6.76934e-11,617580,"2",45154908,"Smoking","Smoking initiation",2,1,TRUE
"rs6414946","C","A","C","A",-0.0148742,0.0156314,0.601238,0.46783,FALSE,FALSE,FALSE,"AS_GWAS",0.0160202,0.329198,57530,"Ankylosing spondylitis",0.00239483,5.26709e-10,617297,"5",87729711,"Smoking","Smoking initiation",2,1,TRUE
"rs6673752","C","G","C","G",-0.0269152,-0.00396768,0.144968,0.11693,FALSE,TRUE,FALSE,"AS_GWAS",0.0208621,0.8491632,75682,"Ankylosing spondylitis",0.00399409,1.59748e-11,617632,"1",154219177,"Smoking","Smoking initiation",2,1,TRUE
"rs6883351","T","C","T","C",0.0129635,-0.0176626,0.465056,0.48474,FALSE,FALSE,FALSE,"AS_GWAS",0.0160452,0.2709815,57530,"Ankylosing spondylitis",0.00237317,4.69332e-08,617412,"5",22193967,"Smoking","Smoking initiation",2,1,TRUE
"rs7652808","G","T","G","T",-0.0176702,0.0124896,0.757388,0.64371,FALSE,FALSE,FALSE,"AS_GWAS",0.0166268,0.4525469,57530,"Ankylosing spondylitis",0.00248237,1.09296e-12,617528,"3",85603643,"Smoking","Smoking initiation",2,1,TRUE
"rs9404052","C","T","C","T",0.0131495,-0.0149965,0.648363,0.49349,FALSE,FALSE,FALSE,"AS_GWAS",0.0159347,0.3466431,57530,"Ankylosing spondylitis",0.00238874,3.69576e-08,617550,"6",101249718,"Smoking","Smoking initiation",2,1,TRUE
