"exposure","outcome","id.exposure","id.outcome","samplesize","SNP","b","se","p"
"Smoking initiation","Ankylosing spondylitis","Smoking","AS_GWAS",75682,"rs10255516",-0.288811845783664,0.27781457289746,0.298532777195443
"Smoking initiation","Ankylosing spondylitis","Smoking","AS_GWAS",75682,"rs10427255",-0.183537602669441,0.251936199516069,0.466302513389466
"Smoking initiation","Ankylosing spondylitis","Smoking","AS_GWAS",75682,"rs11127914",-0.337952576435781,0.263591078064401,0.199804301896447
"Smoking initiation","Ankylosing spondylitis","Smoking","AS_GWAS",75682,"rs13022438",-0.234281143942855,0.27257898933362,0.390065726309555
"Smoking initiation","Ankylosing spondylitis","Smoking","AS_GWAS",75682,"rs13026471",-0.194869902018327,0.253436252403016,0.441946194291793
"Smoking initiation","Ankylosing spondylitis","Smoking","AS_GWAS",75682,"rs1451981",-0.201338565906852,0.271025246106732,0.457555829709545
"Smoking initiation","Ankylosing spondylitis","Smoking","AS_GWAS",75682,"rs1514175",-0.279517655880602,0.269806324952346,0.300205076441968
"Smoking initiation","Ankylosing spondylitis","Smoking","AS_GWAS",75682,"rs1869244",-0.380080720253681,0.247291374845493,0.124299372733746
"Smoking initiation","Ankylosing spondylitis","Smoking","AS_GWAS",75682,"rs1937455",-0.290002594469921,0.275864239830061,0.293143264648303
"Smoking initiation","Ankylosing spondylitis","Smoking","AS_GWAS",75682,"rs2947411",-0.275452877784438,0.271306258830419,0.309970514585293
"Smoking initiation","Ankylosing spondylitis","Smoking","AS_GWAS",75682,"rs3001723",-0.311245324417644,0.276884322337825,0.260971129754964
"Smoking initiation","Ankylosing spondylitis","Smoking","AS_GWAS",75682,"rs3889797",-0.29529298266071,0.274898613081025,0.282738117818961
"Smoking initiation","Ankylosing spondylitis","Smoking","AS_GWAS",75682,"rs462779",-0.40469452503013,0.245454872734842,0.0991981911431373
"Smoking initiation","Ankylosing spondylitis","Smoking","AS_GWAS",75682,"rs528301",-0.292218070172226,0.274740860281401,0.287503853615461
"Smoking initiation","Ankylosing spondylitis","Smoking","AS_GWAS",75682,"rs6414946",-0.235627075832357,0.271061070676984,0.384695798279836
"Smoking initiation","Ankylosing spondylitis","Smoking","AS_GWAS",75682,"rs6673752",-0.320835036942459,0.279328529381089,0.250723485360857
"Smoking initiation","Ankylosing spondylitis","Smoking","AS_GWAS",75682,"rs6883351",-0.23367035717167,0.267687010583117,0.382704623648544
"Smoking initiation","Ankylosing spondylitis","Smoking","AS_GWAS",75682,"rs7652808",-0.246117043699257,0.275392108752854,0.37148414311535
"Smoking initiation","Ankylosing spondylitis","Smoking","AS_GWAS",75682,"rs9404052",-0.240810781830617,0.269686732130567,0.371895835682687
"Smoking initiation","Ankylosing spondylitis","Smoking","AS_GWAS",75682,"All",-0.276029802394781,0.260178081359058,0.288723337975006
